feature,abs_mean
LBXGLU,0.025111920743515176
LBXSATSI,0.015328403966360947
INDFMPIR,0.013391736988524408
RIDAGEYR,0.011666604563320524
LBXSAL,0.01038971215633928
LBDLDL,0.009688928813499432
LBXTST,0.008911610188987007
LBXSAPSI,0.008635254276487696
LBXTLG,0.008385139506690193
LBXSASSI,0.008186522411723442
LBXSUA,0.00712725758216107
LBXSCR,0.006151825370657602
DMDEDUC2,0.004911678467389579
DMDHHSIZ,0.00429816045709944
RIDEXPRG,0.00180651975911347
